date/time,total
"Apr 1, 2025 12:19:52 AM PDT",7.25
"Apr 1, 2025 2:50:40 PM PDT",-2.4
"Apr 1, 2025 5:29:05 AM PDT",27.99
"Apr 1, 2025 9:11:45 AM PDT",-11.45
"Apr 10, 2025 11:28:46 PM PDT",7.22
"Apr 10, 2025 12:56:20 PM PDT",9.94
"Apr 10, 2025 1:29:22 AM PDT",7.22
"Apr 10, 2025 2:51:41 PM PDT",7.22
"Apr 10, 2025 2:57:21 PM PDT",-0.6
"Apr 10, 2025 3:58:08 PM PDT",-0.6
"Apr 10, 2025 7:23:05 AM PDT",7.8
"Apr 11, 2025 11:21:09 PM PDT",72.61
"Apr 11, 2025 12:23:33 AM PDT",6.35
"Apr 11, 2025 3:55:51 PM PDT",-0.6
"Apr 11, 2025 4:08:31 PM PDT",-0.6
"Apr 12, 2025 3:51:01 PM PDT",-1.8
"Apr 13, 2025 12:53:54 AM PDT",7.22
"Apr 13, 2025 1:15:25 PM PDT",-27.0
"Apr 13, 2025 3:06:00 AM PDT",6.35
"Apr 13, 2025 4:00:12 PM PDT",-0.6
"Apr 13, 2025 5:14:22 AM PDT",-27.0
"Apr 13, 2025 6:18:19 PM PDT",19.88
"Apr 14, 2025 10:36:36 PM PDT",209.9
"Apr 14, 2025 12:16:32 PM PDT",9.94
"Apr 14, 2025 1:04:15 AM PDT",6.01
"Apr 14, 2025 2:55:51 AM PDT",6.35
"Apr 14, 2025 3:08:12 AM PDT",6.35
"Apr 14, 2025 3:43:08 PM PDT",7.22
"Apr 14, 2025 3:45:19 PM PDT",-0.6
"Apr 14, 2025 3:59:42 PM PDT",7.22
"Apr 14, 2025 4:00:22 PM PDT",-1.2
"Apr 14, 2025 4:14:07 AM PDT",9.94
"Apr 14, 2025 7:48:53 PM PDT",6.35
"Apr 14, 2025 7:55:37 AM PDT",9.94
"Apr 14, 2025 8:22:55 PM PDT",6.35
"Apr 15, 2025 11:25:43 AM PDT",6.86
"Apr 15, 2025 12:58:10 PM PDT",6.35
"Apr 16, 2025 10:10:19 PM PDT",6.86
"Apr 16, 2025 3:19:21 PM PDT",-0.6
"Apr 16, 2025 3:33:51 PM PDT",-0.6
"Apr 16, 2025 3:39:33 PM PDT",7.4
"Apr 17, 2025 11:25:11 AM PDT",9.94
"Apr 17, 2025 2:50:23 AM PDT",7.22
"Apr 17, 2025 3:34:14 PM PDT",6.86
"Apr 17, 2025 3:44:56 PM PDT",-1.2
"Apr 17, 2025 4:06:12 PM PDT",-0.6
"Apr 17, 2025 7:45:10 AM PDT",6.35
"Apr 17, 2025 9:15:11 PM PDT",47.11
"Apr 18, 2025 1:00:08 PM PDT",6.86
"Apr 18, 2025 3:45:49 PM PDT",-0.6
"Apr 18, 2025 4:00:04 PM PDT",-0.6
"Apr 18, 2025 6:03:12 AM PDT",7.8
"Apr 18, 2025 7:41:12 PM PDT",-350.23
"Apr 18, 2025 8:07:47 PM PDT",9.94
"Apr 18, 2025 9:49:15 PM PDT",7.25
"Apr 19, 2025 10:55:59 AM PDT",9.94
"Apr 19, 2025 3:11:03 PM PDT",9.94
"Apr 19, 2025 3:16:49 PM PDT",6.35
"Apr 19, 2025 3:41:03 PM PDT",-0.6
"Apr 19, 2025 4:06:49 PM PDT",-0.6
"Apr 19, 2025 5:02:17 PM PDT",-10.02
"Apr 19, 2025 5:24:39 PM PDT",-10.02
"Apr 19, 2025 6:47:15 AM PDT",9.94
"Apr 2, 2025 12:29:11 AM PDT",6.86
"Apr 2, 2025 2:41:03 PM PDT",-1.2
"Apr 2, 2025 2:57:55 PM PDT",-10.86
"Apr 2, 2025 7:44:11 AM PDT",-439.57
"Apr 2, 2025 8:32:26 PM PDT",9.94
"Apr 20, 2025 11:07:33 PM PDT",-11.45
"Apr 20, 2025 3:33:03 PM PDT",-1.2
"Apr 20, 2025 3:53:09 PM PDT",-0.6
"Apr 20, 2025 9:05:05 AM PDT",7.22
"Apr 21, 2025 1:40:55 PM PDT",7.22
"Apr 21, 2025 2:47:35 PM PDT",-0.6
"Apr 21, 2025 7:17:09 AM PDT",7.8
"Apr 22, 2025 11:36:30 AM PDT",7.22
"Apr 22, 2025 1:46:33 PM PDT",7.22
"Apr 22, 2025 3:24:39 PM PDT",-1.2
"Apr 22, 2025 8:43:58 PM PDT",6.86
"Apr 22, 2025 9:54:51 AM PDT",6.35
"Apr 23, 2025 11:54:01 AM PDT",6.86
"Apr 23, 2025 12:10:27 PM PDT",7.22
"Apr 23, 2025 12:51:48 AM PDT",-1.37
"Apr 23, 2025 3:32:06 PM PDT",-0.6
"Apr 23, 2025 4:05:47 PM PDT",59.64
"Apr 24, 2025 10:20:12 PM PDT",47.11
"Apr 24, 2025 11:51:51 AM PDT",7.22
"Apr 24, 2025 12:32:30 AM PDT",7.22
"Apr 24, 2025 3:07:28 PM PDT",7.22
"Apr 24, 2025 3:42:48 PM PDT",-10.02
"Apr 24, 2025 3:57:29 PM PDT",-0.6
"Apr 24, 2025 9:35:16 AM PDT",9.94
"Apr 25, 2025 2:55:49 PM PDT",9.94
"Apr 25, 2025 3:11:03 PM PDT",6.86
"Apr 25, 2025 3:47:22 PM PDT",-0.6
"Apr 25, 2025 4:06:50 PM PDT",-0.6
"Apr 25, 2025 7:45:34 AM PDT",7.8
"Apr 26, 2025 1:09:16 PM PDT",18.82
"Apr 27, 2025 12:56:54 AM PDT",6.01
"Apr 27, 2025 3:59:07 PM PDT",-3.0
"Apr 27, 2025 9:43:39 PM PDT",6.86
"Apr 27, 2025 9:44:37 PM PDT",6.86
"Apr 28, 2025 11:08:52 AM PDT",10.29
"Apr 28, 2025 12:02:21 PM PDT",-11.25
"Apr 28, 2025 2:45:42 PM PDT",-0.6
"Apr 28, 2025 6:58:51 AM PDT",-11.45
"Apr 28, 2025 8:19:03 AM PDT",7.4
"Apr 28, 2025 9:50:00 PM PDT",9.94
"Apr 29, 2025 1:17:33 PM PDT",-0.6
"Apr 3, 2025 11:24:58 PM PDT",6.35
"Apr 3, 2025 1:42:42 PM PDT",30.11
"Apr 3, 2025 2:54:35 PM PDT",-0.6
"Apr 30, 2025 3:26:35 PM PDT",10.29
"Apr 30, 2025 4:07:03 AM PDT",6.54
"Apr 30, 2025 5:35:02 PM PDT",-11.34
"Apr 4, 2025 2:52:50 AM PDT",6.35
"Apr 4, 2025 3:19:32 PM PDT",-0.6
"Apr 4, 2025 3:19:57 AM PDT",-11.45
"Apr 5, 2025 3:35:42 PM PDT",-0.6
"Apr 6, 2025 3:19:53 AM PDT",-18.51
"Apr 6, 2025 4:41:35 AM PDT",-11.34
"Apr 6, 2025 9:31:15 AM PDT",0.05
"Apr 7, 2025 3:11:42 PM PDT",47.11
"Apr 7, 2025 3:54:04 PM PDT",-1.2
"Apr 7, 2025 6:25:04 PM PDT",7.22
"Apr 7, 2025 6:30:29 PM PDT",7.8
"Apr 7, 2025 8:37:25 AM PDT",-199.89
"Apr 7, 2025 9:49:52 AM PDT",9.26
"Apr 8, 2025 11:28:50 PM PDT",6.35
"Apr 8, 2025 11:40:56 AM PDT",6.35
"Apr 8, 2025 3:27:46 PM PDT",-0.6
"Apr 9, 2025 2:59:24 AM PDT",6.35
"Apr 9, 2025 3:00:13 AM PDT",6.35
"Apr 9, 2025 4:38:31 PM PDT",6.86
"Aug 1, 2025 6:47:22 PM PDT",-14.07
"Aug 10, 2025 2:22:07 AM PDT",-13.06
"Aug 10, 2025 9:43:03 PM PDT",9.44
"Aug 10, 2025 9:56:13 PM PDT",6.35
"Aug 11, 2025 10:55:47 AM PDT",6.35
"Aug 11, 2025 11:43:53 AM PDT",11.63
"Aug 12, 2025 12:51:17 AM PDT",11.63
"Aug 12, 2025 1:15:43 PM PDT",9.26
"Aug 12, 2025 5:18:02 AM PDT",75.63
"Aug 12, 2025 7:51:14 PM PDT",9.94
"Aug 12, 2025 9:30:30 PM PDT",9.94
"Aug 13, 2025 7:36:09 PM PDT",6.01
"Aug 13, 2025 8:07:49 AM PDT",75.63
"Aug 14, 2025 12:42:33 PM PDT",9.94
"Aug 14, 2025 6:38:49 AM PDT",-515.72
"Aug 14, 2025 6:48:04 PM PDT",497.58
"Aug 14, 2025 9:18:07 PM PDT",9.94
"Aug 14, 2025 9:18:46 PM PDT",7.25
"Aug 15, 2025 1:41:08 PM PDT",-13.37
"Aug 15, 2025 2:42:02 PM PDT",9.57
"Aug 15, 2025 2:44:48 AM PDT",9.57
"Aug 15, 2025 3:24:53 PM PDT",75.63
"Aug 15, 2025 7:30:14 PM PDT",6.86
"Aug 16, 2025 11:30:04 AM PDT",6.35
"Aug 16, 2025 6:02:28 PM PDT",9.94
"Aug 17, 2025 1:21:10 AM PDT",6.86
"Aug 17, 2025 2:27:47 AM PDT",6.01
"Aug 17, 2025 8:24:56 PM PDT",9.94
"Aug 18, 2025 10:15:02 AM PDT",7.8
"Aug 18, 2025 11:05:30 PM PDT",6.86
"Aug 18, 2025 2:08:18 PM PDT",9.26
"Aug 18, 2025 3:10:04 PM PDT",-10.02
"Aug 19, 2025 1:49:02 AM PDT",10.74
"Aug 19, 2025 1:51:14 PM PDT",-29.59
"Aug 19, 2025 8:33:44 PM PDT",-11.34
"Aug 2, 2025 5:04:17 AM PDT",-143.09
"Aug 20, 2025 12:42:27 PM PDT",10.29
"Aug 20, 2025 1:33:23 AM PDT",9.26
"Aug 20, 2025 9:39:36 AM PDT",-11.45
"Aug 21, 2025 12:11:57 AM PDT",-11.45
"Aug 21, 2025 12:30:06 AM PDT",-11.45
"Aug 21, 2025 2:41:25 AM PDT",9.26
"Aug 22, 2025 10:05:43 PM PDT",30.87
"Aug 22, 2025 11:00:30 AM PDT",9.46
"Aug 22, 2025 12:33:38 PM PDT",-11.45
"Aug 22, 2025 9:49:44 PM PDT",9.26
"Aug 23, 2025 10:19:47 PM PDT",6.35
"Aug 23, 2025 10:22:49 AM PDT",9.26
"Aug 23, 2025 5:20:51 AM PDT",0.3
"Aug 23, 2025 6:58:45 PM PDT",-10.55
"Aug 24, 2025 10:19:08 PM PDT",-11.45
"Aug 24, 2025 11:36:38 AM PDT",-11.45
"Aug 24, 2025 11:41:09 AM PDT",-502.17
"Aug 24, 2025 4:34:10 PM PDT",19.59
"Aug 24, 2025 4:35:15 PM PDT",15.47
"Aug 24, 2025 6:42:03 PM PDT",19.14
"Aug 24, 2025 7:00:37 AM PDT",8.45
"Aug 25, 2025 10:18:16 PM PDT",-11.45
"Aug 25, 2025 11:44:46 AM PDT",10.29
"Aug 25, 2025 2:24:58 PM PDT",20.48
"Aug 25, 2025 6:47:01 PM PDT",6.86
"Aug 25, 2025 8:01:10 PM PDT",7.8
"Aug 25, 2025 9:08:55 PM PDT",82.32
"Aug 26, 2025 1:24:57 AM PDT",6.86
"Aug 26, 2025 2:59:45 PM PDT",9.57
"Aug 26, 2025 3:47:29 PM PDT",18.3
"Aug 26, 2025 3:52:41 AM PDT",6.86
"Aug 26, 2025 5:42:06 AM PDT",0.3
"Aug 26, 2025 5:51:30 AM PDT",0.3
"Aug 26, 2025 8:25:25 PM PDT",-10.55
"Aug 27, 2025 3:06:41 AM PDT",7.8
"Aug 27, 2025 5:26:36 PM PDT",7.8
"Aug 28, 2025 10:15:34 AM PDT",20.48
"Aug 28, 2025 10:31:44 AM PDT",7.8
"Aug 28, 2025 11:54:29 AM PDT",6.86
"Aug 28, 2025 12:48:29 PM PDT",19.59
"Aug 28, 2025 1:36:35 AM PDT",85.65
"Aug 28, 2025 2:11:15 PM PDT",-11.45
"Aug 28, 2025 3:22:53 AM PDT",-11.45
"Aug 28, 2025 3:28:18 PM PDT",6.35
"Aug 28, 2025 6:43:47 PM PDT",-11.45
"Aug 29, 2025 12:51:17 PM PDT",-11.45
"Aug 29, 2025 9:22:28 PM PDT",18.52
"Aug 3, 2025 10:55:11 AM PDT",17.92
"Aug 3, 2025 10:55:11 PM PDT",6.86
"Aug 3, 2025 12:07:08 AM PDT",9.57
"Aug 3, 2025 12:40:42 PM PDT",9.94
"Aug 3, 2025 1:50:23 PM PDT",6.86
"Aug 3, 2025 9:09:39 PM PDT",9.26
"Aug 30, 2025 10:35:54 AM PDT",-10.55
"Aug 30, 2025 3:59:28 AM PDT",-11.45
"Aug 31, 2025 11:53:12 PM PDT",-11.45
"Aug 31, 2025 2:25:29 PM PDT",-11.45
"Aug 4, 2025 1:31:27 AM PDT",11.63
"Aug 4, 2025 2:21:04 AM PDT",9.57
"Aug 4, 2025 3:55:00 PM PDT",6.86
"Aug 4, 2025 6:42:18 AM PDT",10.29
"Aug 4, 2025 8:41:55 PM PDT",9.26
"Aug 6, 2025 1:06:16 PM PDT",16.04
"Aug 6, 2025 1:25:42 AM PDT",9.94
"Aug 6, 2025 4:21:38 AM PDT",-17.94
"Aug 7, 2025 12:12:32 PM PDT",6.86
"Aug 7, 2025 4:47:43 AM PDT",-180.05
"Aug 9, 2025 4:10:34 PM PDT",9.94
"Aug 9, 2025 6:03:37 AM PDT",-13.06
"Feb 1, 2025 12:55:18 PM PST",-0.6
"Feb 11, 2025 12:46:54 PM PST",-0.6
"Feb 11, 2025 8:00:09 PM PST",6.86
"Feb 12, 2025 3:00:41 AM PST",6.86
"Feb 13, 2025 12:59:28 PM PST",-1.2
"Feb 15, 2025 11:51:34 PM PST",6.86
"Feb 16, 2025 10:19:37 AM PST",25.23
"Feb 17, 2025 6:47:37 PM PST",6.35
"Feb 17, 2025 7:46:21 PM PST",6.86
"Feb 19, 2025 4:27:05 AM PST",6.35
"Feb 19, 2025 4:36:36 AM PST",11.84
"Feb 19, 2025 4:59:07 AM PST",11.84
"Feb 19, 2025 9:25:12 PM PST",-20.58
"Feb 2, 2025 6:47:21 AM PST",-115.57
"Feb 20, 2025 3:39:12 AM PST",6.86
"Feb 21, 2025 12:13:41 AM PST",-11.45
"Feb 21, 2025 12:52:58 AM PST",7.25
"Feb 21, 2025 1:54:55 PM PST",-0.6
"Feb 21, 2025 4:20:35 AM PST",6.86
"Feb 22, 2025 1:52:08 PM PST",-0.6
"Feb 23, 2025 10:35:22 PM PST",9.57
"Feb 23, 2025 9:25:04 PM PST",-23.68
"Feb 24, 2025 12:13:07 AM PST",9.26
"Feb 24, 2025 12:31:49 AM PST",9.26
"Feb 24, 2025 1:58:42 PM PST",-0.6
"Feb 25, 2025 12:37:21 AM PST",6.86
"Feb 25, 2025 7:50:41 PM PST",6.86
"Feb 25, 2025 9:16:14 AM PST",-11.45
"Feb 26, 2025 10:41:19 AM PST",6.01
"Feb 26, 2025 11:43:22 PM PST",-11.45
"Feb 26, 2025 11:46:59 PM PST",-11.45
"Feb 26, 2025 12:40:10 AM PST",-11.45
"Feb 26, 2025 7:27:46 AM PST",-11.34
"Feb 27, 2025 10:39:15 PM PST",9.26
"Feb 27, 2025 1:58:39 PM PST",-1.8
"Feb 27, 2025 3:39:53 PM PST",7.8
"Feb 27, 2025 6:25:23 PM PST",7.8
"Feb 27, 2025 8:23:05 PM PST",6.86
"Feb 28, 2025 10:45:31 PM PST",7.8
"Feb 28, 2025 7:27:28 AM PST",-0.4
"Feb 3, 2025 10:30:58 PM PST",9.94
"Feb 3, 2025 2:46:27 AM PST",7.25
"Feb 3, 2025 2:48:45 AM PST",9.94
"Feb 3, 2025 6:42:58 PM PST",16.29
"Feb 4, 2025 12:42:07 PM PST",-0.6
"Feb 4, 2025 3:04:48 PM PST",9.94
"Feb 4, 2025 7:35:41 PM PST",9.94
"Feb 6, 2025 12:50:59 PM PST",-0.6
"Feb 6, 2025 3:57:15 AM PST",-18.57
"Feb 7, 2025 12:49:30 PM PST",-0.6
"Feb 7, 2025 2:45:32 PM PST",-13.16
"Feb 7, 2025 8:51:51 PM PST",6.35
"Feb 9, 2025 12:21:09 PM PST",6.35
"Feb 9, 2025 4:22:21 PM PST",18.52
"Jan 1, 2025 7:00:15 PM PST",6.66
"Jan 11, 2025 1:44:09 PM PST",6.66
"Jan 13, 2025 6:46:31 AM PST",7.05
"Jan 14, 2025 5:52:02 PM PST",9.29
"Jan 15, 2025 9:05:16 AM PST",10.29
"Jan 16, 2025 1:06:02 PM PST",-0.6
"Jan 18, 2025 1:04:53 PM PST",-0.6
"Jan 19, 2025 2:41:56 PM PST",7.39
"Jan 2, 2025 8:19:48 AM PST",-155.59
"Jan 20, 2025 3:28:09 AM PST",7.39
"Jan 20, 2025 9:14:07 PM PST",4.87
"Jan 21, 2025 1:28:53 AM PST",4.87
"Jan 22, 2025 11:48:00 AM PST",8.59
"Jan 22, 2025 9:35:15 PM PST",-39.2
"Jan 23, 2025 11:32:14 AM PST",7.39
"Jan 23, 2025 2:47:20 AM PST",5.26
"Jan 24, 2025 12:06:45 AM PST",6.86
"Jan 24, 2025 1:03:12 PM PST",-0.6
"Jan 24, 2025 3:33:25 PM PST",-10.02
"Jan 25, 2025 12:56:23 PM PST",-0.6
"Jan 25, 2025 4:23:41 AM PST",8.59
"Jan 25, 2025 8:55:55 PM PST",8.59
"Jan 26, 2025 2:06:53 PM PST",6.84
"Jan 27, 2025 3:42:58 AM PST",4.87
"Jan 29, 2025 12:54:43 PM PST",-0.6
"Jan 29, 2025 1:21:35 AM PST",4.87
"Jan 3, 2025 10:47:14 AM PST",-10.55
"Jan 3, 2025 6:35:51 PM PST",-14.2
"Jan 3, 2025 9:29:17 AM PST",10.01
"Jan 3, 2025 9:42:28 PM PST",19.44
"Jan 30, 2025 10:19:21 AM PST",-10.86
"Jan 30, 2025 1:02:08 PM PST",-0.6
"Jan 31, 2025 4:29:28 PM PST",6.35
"Jan 4, 2025 10:05:04 AM PST",7.6
"Jan 4, 2025 1:30:35 PM PST",6.66
"Jan 5, 2025 5:07:31 PM PST",6.66
"Jan 6, 2025 10:12:32 PM PST",22.19
"Jan 6, 2025 1:17:11 AM PST",-18.64
"Jan 7, 2025 11:32:54 AM PST",6.66
"Jan 8, 2025 12:37:47 PM PST",-15.7
"Jan 8, 2025 12:53:51 PM PST",6.66
"Jan 8, 2025 2:52:15 PM PST",7.6
"Jan 8, 2025 6:51:29 PM PST",13.32
"Jan 9, 2025 7:44:56 AM PST",15.2
"Jul 1, 2025 1:00:46 PM PDT",7.25
"Jul 1, 2025 1:07:44 PM PDT",5.87
"Jul 1, 2025 1:42:15 PM PDT",19.67
"Jul 10, 2025 10:22:07 PM PDT",9.57
"Jul 10, 2025 12:46:39 AM PDT",-11.34
"Jul 10, 2025 3:10:59 AM PDT",0.32
"Jul 10, 2025 4:53:36 AM PDT",21.03
"Jul 10, 2025 8:27:20 AM PDT",7.25
"Jul 11, 2025 12:19:32 PM PDT",-0.6
"Jul 11, 2025 6:00:21 AM PDT",19.67
"Jul 12, 2025 1:04:46 PM PDT",6.01
"Jul 12, 2025 9:01:18 AM PDT",21.03
"Jul 14, 2025 3:41:29 PM PDT",6.35
"Jul 14, 2025 4:40:09 PM PDT",21.03
"Jul 14, 2025 4:51:09 PM PDT",9.57
"Jul 15, 2025 3:35:30 AM PDT",37.04
"Jul 15, 2025 6:00:14 PM PDT",9.26
"Jul 15, 2025 7:49:06 PM PDT",6.86
"Jul 16, 2025 10:44:55 AM PDT",-6.0
"Jul 16, 2025 11:01:49 AM PDT",-5.0
"Jul 16, 2025 1:03:59 PM PDT",8.62
"Jul 16, 2025 5:05:49 AM PDT",0.0
"Jul 16, 2025 5:56:01 PM PDT",-9.52
"Jul 16, 2025 9:56:28 AM PDT",9.94
"Jul 17, 2025 10:23:39 AM PDT",9.26
"Jul 17, 2025 10:47:24 PM PDT",9.94
"Jul 18, 2025 11:20:56 AM PDT",21.03
"Jul 19, 2025 11:47:37 PM PDT",9.44
"Jul 2, 2025 10:35:25 AM PDT",6.95
"Jul 2, 2025 12:18:18 AM PDT",97.73
"Jul 2, 2025 6:19:14 AM PDT",-350.13
"Jul 20, 2025 1:48:06 AM PDT",-8.1
"Jul 20, 2025 8:23:45 PM PDT",9.26
"Jul 20, 2025 9:40:47 PM PDT",9.26
"Jul 21, 2025 1:40:30 AM PDT",6.86
"Jul 22, 2025 1:24:29 AM PDT",6.01
"Jul 22, 2025 2:39:37 AM PDT",9.94
"Jul 22, 2025 9:58:50 PM PDT",6.35
"Jul 23, 2025 11:00:24 AM PDT",9.26
"Jul 23, 2025 3:13:55 PM PDT",6.86
"Jul 23, 2025 7:35:11 PM PDT",-11.45
"Jul 24, 2025 4:02:12 PM PDT",10.29
"Jul 24, 2025 4:54:49 PM PDT",6.86
"Jul 25, 2025 10:46:09 PM PDT",7.25
"Jul 25, 2025 10:47:12 PM PDT",9.94
"Jul 25, 2025 1:25:34 PM PDT",21.03
"Jul 25, 2025 5:58:58 AM PDT",4.93
"Jul 26, 2025 10:27:57 PM PDT",-10.55
"Jul 26, 2025 6:24:08 PM PDT",21.88
"Jul 27, 2025 11:12:51 PM PDT",9.57
"Jul 27, 2025 1:06:08 PM PDT",10.29
"Jul 27, 2025 2:32:12 AM PDT",6.86
"Jul 27, 2025 5:40:31 PM PDT",-500.53
"Jul 27, 2025 7:47:21 AM PDT",9.57
"Jul 28, 2025 1:02:53 AM PDT",9.94
"Jul 28, 2025 2:22:47 AM PDT",9.94
"Jul 28, 2025 8:41:46 PM PDT",10.29
"Jul 29, 2025 12:18:22 PM PDT",9.94
"Jul 29, 2025 1:27:46 PM PDT",10.29
"Jul 3, 2025 4:12:02 PM PDT",6.35
"Jul 3, 2025 8:20:59 PM PDT",8.62
"Jul 3, 2025 8:52:42 PM PDT",20.48
"Jul 30, 2025 11:17:37 AM PDT",6.86
"Jul 30, 2025 2:24:05 PM PDT",9.94
"Jul 31, 2025 2:43:19 AM PDT",9.09
"Jul 31, 2025 3:43:43 PM PDT",9.6
"Jul 31, 2025 5:52:29 PM PDT",6.86
"Jul 31, 2025 6:36:36 PM PDT",70.76
"Jul 4, 2025 2:50:44 AM PDT",8.62
"Jul 5, 2025 3:31:32 PM PDT",6.35
"Jul 6, 2025 12:30:36 PM PDT",9.26
"Jul 6, 2025 3:32:48 AM PDT",-17.81
"Jul 6, 2025 7:41:28 AM PDT",9.57
"Jul 7, 2025 2:34:05 AM PDT",8.62
"Jul 7, 2025 2:47:00 AM PDT",-181.61
"Jul 8, 2025 1:59:36 AM PDT",5.87
"Jul 8, 2025 5:28:21 AM PDT",9.26
"Jul 9, 2025 12:54:02 PM PDT",25.97
"Jul 9, 2025 1:42:15 PM PDT",27.67
"Jul 9, 2025 2:37:12 PM PDT",6.35
"Jul 9, 2025 5:43:14 PM PDT",9.26
"Jun 1, 2025 12:55:54 PM PDT",8.58
"Jun 1, 2025 12:56:16 PM PDT",-0.6
"Jun 1, 2025 2:11:21 PM PDT",8.85
"Jun 1, 2025 2:45:24 AM PDT",25.74
"Jun 10, 2025 5:48:55 AM PDT",0.95
"Jun 10, 2025 7:20:42 PM PDT",6.86
"Jun 10, 2025 9:26:34 AM PDT",18.82
"Jun 11, 2025 12:39:26 PM PDT",-1.2
"Jun 11, 2025 6:52:18 AM PDT",6.86
"Jun 11, 2025 9:49:13 PM PDT",10.29
"Jun 12, 2025 12:42:44 PM PDT",-1.2
"Jun 12, 2025 5:57:51 PM PDT",21.03
"Jun 12, 2025 8:06:13 AM PDT",6.86
"Jun 12, 2025 9:43:01 AM PDT",42.06
"Jun 13, 2025 12:41:28 PM PDT",-0.6
"Jun 13, 2025 7:13:51 PM PDT",6.86
"Jun 13, 2025 7:30:21 AM PDT",6.86
"Jun 13, 2025 9:12:40 PM PDT",9.94
"Jun 14, 2025 3:21:24 AM PDT",21.03
"Jun 15, 2025 10:37:34 PM PDT",-6.54
"Jun 15, 2025 11:44:10 PM PDT",9.26
"Jun 15, 2025 7:23:08 PM PDT",67.98
"Jun 15, 2025 7:43:52 PM PDT",9.26
"Jun 16, 2025 10:51:09 AM PDT",19.67
"Jun 16, 2025 11:18:01 AM PDT",14.52
"Jun 16, 2025 1:46:29 PM PDT",-12.66
"Jun 16, 2025 2:22:53 AM PDT",47.85
"Jun 16, 2025 8:45:08 PM PDT",10.29
"Jun 17, 2025 3:46:40 PM PDT",19.67
"Jun 18, 2025 10:14:27 PM PDT",-503.84
"Jun 18, 2025 10:29:44 AM PDT",7.25
"Jun 18, 2025 11:19:58 PM PDT",21.03
"Jun 18, 2025 11:33:40 AM PDT",67.98
"Jun 18, 2025 12:25:47 PM PDT",9.26
"Jun 18, 2025 6:12:45 PM PDT",19.67
"Jun 18, 2025 6:13:49 PM PDT",-55.6
"Jun 18, 2025 7:48:10 PM PDT",7.25
"Jun 18, 2025 8:05:29 PM PDT",9.26
"Jun 19, 2025 10:09:44 PM PDT",67.98
"Jun 19, 2025 11:04:49 AM PDT",67.98
"Jun 19, 2025 1:42:52 PM PDT",-0.6
"Jun 19, 2025 2:32:31 AM PDT",9.26
"Jun 19, 2025 3:18:20 AM PDT",18.52
"Jun 19, 2025 3:40:37 PM PDT",7.25
"Jun 19, 2025 6:18:48 AM PDT",9.57
"Jun 19, 2025 6:48:59 PM PDT",45.25
"Jun 2, 2025 10:20:44 AM PDT",18.82
"Jun 2, 2025 12:46:11 PM PDT",-0.6
"Jun 2, 2025 12:58:16 PM PDT",-0.6
"Jun 2, 2025 1:56:51 AM PDT",-9.44
"Jun 2, 2025 4:22:24 PM PDT",-87.99
"Jun 2, 2025 5:32:58 AM PDT",-84.05
"Jun 2, 2025 8:26:53 AM PDT",5.84
"Jun 20, 2025 11:57:07 AM PDT",-3.1
"Jun 20, 2025 3:25:38 AM PDT",-1.47
"Jun 21, 2025 1:29:26 PM PDT",-0.6
"Jun 21, 2025 4:19:38 AM PDT",7.25
"Jun 21, 2025 4:43:31 PM PDT",9.57
"Jun 21, 2025 6:45:34 AM PDT",7.25
"Jun 21, 2025 7:14:28 PM PDT",-29.4
"Jun 21, 2025 9:14:39 PM PDT",-72.0
"Jun 22, 2025 12:26:37 AM PDT",6.35
"Jun 22, 2025 12:28:10 PM PDT",9.57
"Jun 22, 2025 1:10:57 AM PDT",6.35
"Jun 22, 2025 1:27:54 PM PDT",-0.6
"Jun 22, 2025 4:30:45 AM PDT",9.57
"Jun 22, 2025 5:38:59 PM PDT",9.26
"Jun 22, 2025 7:15:49 PM PDT",-10.1
"Jun 23, 2025 12:09:25 AM PDT",21.03
"Jun 23, 2025 1:25:59 PM PDT",-0.6
"Jun 23, 2025 1:51:04 PM PDT",6.35
"Jun 23, 2025 8:47:40 AM PDT",18.52
"Jun 24, 2025 11:39:18 AM PDT",6.35
"Jun 24, 2025 1:19:37 PM PDT",21.03
"Jun 24, 2025 1:58:23 AM PDT",9.26
"Jun 24, 2025 3:32:31 PM PDT",9.26
"Jun 24, 2025 4:05:58 AM PDT",-5.0
"Jun 24, 2025 4:12:04 AM PDT",-5.0
"Jun 24, 2025 4:16:31 AM PDT",9.09
"Jun 24, 2025 5:59:25 AM PDT",-5.0
"Jun 24, 2025 6:19:54 PM PDT",21.03
"Jun 24, 2025 6:23:59 PM PDT",6.04
"Jun 24, 2025 9:33:51 PM PDT",6.35
"Jun 25, 2025 1:49:35 PM PDT",6.35
"Jun 25, 2025 4:17:54 PM PDT",6.01
"Jun 25, 2025 8:17:33 PM PDT",9.26
"Jun 26, 2025 10:15:20 PM PDT",7.25
"Jun 26, 2025 10:27:15 AM PDT",21.88
"Jun 26, 2025 1:29:14 PM PDT",9.26
"Jun 26, 2025 9:24:51 AM PDT",9.26
"Jun 28, 2025 11:46:56 PM PDT",5.87
"Jun 28, 2025 12:26:43 AM PDT",6.72
"Jun 28, 2025 1:12:18 AM PDT",9.26
"Jun 28, 2025 5:17:26 PM PDT",9.94
"Jun 28, 2025 9:24:06 PM PDT",-83.59
"Jun 29, 2025 10:36:42 PM PDT",-9.09
"Jun 29, 2025 10:37:27 AM PDT",19.67
"Jun 29, 2025 12:04:56 AM PDT",36.62
"Jun 29, 2025 2:30:18 PM PDT",9.57
"Jun 29, 2025 3:16:47 PM PDT",19.67
"Jun 29, 2025 8:13:58 PM PDT",6.35
"Jun 3, 2025 11:50:04 PM PDT",-11.45
"Jun 3, 2025 12:53:14 PM PDT",-0.6
"Jun 3, 2025 3:27:49 AM PDT",17.16
"Jun 3, 2025 3:29:23 AM PDT",5.84
"Jun 3, 2025 6:14:14 AM PDT",-10.29
"Jun 3, 2025 6:46:40 PM PDT",8.85
"Jun 3, 2025 8:21:36 PM PDT",10.29
"Jun 30, 2025 10:36:00 PM PDT",-9.94
"Jun 30, 2025 9:23:21 PM PDT",5.87
"Jun 4, 2025 11:05:12 AM PDT",10.29
"Jun 4, 2025 12:09:26 AM PDT",-11.45
"Jun 4, 2025 12:43:25 PM PDT",-0.6
"Jun 4, 2025 12:53:34 PM PDT",-1.8
"Jun 5, 2025 12:44:54 PM PDT",-0.6
"Jun 5, 2025 12:54:40 PM PDT",-1.2
"Jun 5, 2025 2:28:06 PM PDT",0.0
"Jun 5, 2025 6:56:08 PM PDT",179.86
"Jun 5, 2025 7:05:43 AM PDT",-11.34
"Jun 5, 2025 9:35:38 AM PDT",-11.45
"Jun 6, 2025 11:43:49 AM PDT",8.58
"Jun 6, 2025 12:21:53 AM PDT",8.58
"Jun 6, 2025 12:23:20 PM PDT",9.94
"Jun 6, 2025 12:55:14 PM PDT",-1.2
"Jun 6, 2025 1:08:29 AM PDT",6.54
"Jun 6, 2025 2:23:47 AM PDT",-18.0
"Jun 6, 2025 6:52:04 AM PDT",10.29
"Jun 6, 2025 7:52:52 AM PDT",10.29
"Jun 7, 2025 12:49:58 PM PDT",-0.6
"Jun 7, 2025 3:44:04 PM PDT",-159.43
"Jun 8, 2025 12:46:49 AM PDT",8.58
"Jun 8, 2025 1:07:07 AM PDT",18.82
"Jun 8, 2025 6:47:07 PM PDT",8.58
"Jun 8, 2025 7:52:03 PM PDT",9.94
"Jun 8, 2025 9:27:45 AM PDT",8.85
"Jun 9, 2025 10:53:08 PM PDT",-14.07
"Jun 9, 2025 12:45:39 PM PDT",-1.2
"Jun 9, 2025 1:54:05 PM PDT",6.01
"Jun 9, 2025 3:21:33 PM PDT",-7.25
"Jun 9, 2025 6:23:19 AM PDT",6.7
"Jun 9, 2025 7:00:21 PM PDT",5.84
"Mar 1, 2025 8:59:42 PM PST",-11.45
"Mar 10, 2025 11:26:30 PM PDT",-11.45
"Mar 10, 2025 12:14:22 PM PDT",-117.6
"Mar 10, 2025 1:08:10 PM PDT",-11.45
"Mar 10, 2025 4:18:09 PM PDT",-11.45
"Mar 10, 2025 6:27:22 PM PDT",6.35
"Mar 11, 2025 11:20:39 PM PDT",10.29
"Mar 11, 2025 4:38:58 PM PDT",-11.45
"Mar 12, 2025 11:37:21 PM PDT",7.25
"Mar 12, 2025 12:18:26 AM PDT",10.29
"Mar 12, 2025 2:37:47 PM PDT",-0.6
"Mar 13, 2025 11:53:06 AM PDT",6.01
"Mar 13, 2025 1:50:34 PM PDT",9.94
"Mar 13, 2025 9:26:48 PM PDT",7.25
"Mar 13, 2025 9:54:19 AM PDT",9.94
"Mar 14, 2025 2:10:16 AM PDT",6.01
"Mar 14, 2025 2:45:43 PM PDT",-11.45
"Mar 14, 2025 3:04:06 PM PDT",-0.6
"Mar 15, 2025 4:54:52 PM PDT",-10.2
"Mar 16, 2025 11:52:05 PM PDT",9.57
"Mar 16, 2025 11:56:55 PM PDT",6.35
"Mar 16, 2025 12:14:44 AM PDT",6.35
"Mar 16, 2025 1:16:36 PM PDT",0.0
"Mar 16, 2025 1:24:31 AM PDT",9.26
"Mar 16, 2025 2:55:54 PM PDT",-0.6
"Mar 16, 2025 7:46:31 AM PDT",7.25
"Mar 17, 2025 10:37:01 PM PDT",282.51
"Mar 17, 2025 1:52:04 PM PDT",6.35
"Mar 17, 2025 2:07:49 AM PDT",-11.45
"Mar 17, 2025 3:17:31 AM PDT",6.35
"Mar 17, 2025 4:01:41 AM PDT",-11.45
"Mar 17, 2025 7:58:17 AM PDT",0.28
"Mar 18, 2025 11:01:29 PM PDT",7.25
"Mar 18, 2025 12:42:21 AM PDT",9.26
"Mar 18, 2025 3:16:16 PM PDT",15.8
"Mar 18, 2025 4:43:22 AM PDT",11.97
"Mar 18, 2025 6:15:19 AM PDT",-73.01
"Mar 19, 2025 10:50:41 PM PDT",-11.45
"Mar 19, 2025 1:53:18 AM PDT",6.86
"Mar 19, 2025 2:44:38 PM PDT",-2.4
"Mar 19, 2025 2:55:46 PM PDT",6.86
"Mar 2, 2025 11:24:03 PM PST",-11.45
"Mar 2, 2025 4:21:54 AM PST",-11.45
"Mar 2, 2025 7:47:57 AM PST",-149.33
"Mar 2, 2025 9:17:13 AM PST",7.25
"Mar 20, 2025 12:22:13 AM PDT",10.29
"Mar 20, 2025 3:05:44 PM PDT",-1.8
"Mar 21, 2025 2:05:27 PM PDT",-1.2
"Mar 21, 2025 3:02:04 PM PDT",-1.2
"Mar 21, 2025 4:03:21 PM PDT",9.94
"Mar 22, 2025 12:34:57 AM PDT",6.01
"Mar 22, 2025 2:51:23 PM PDT",-0.6
"Mar 22, 2025 4:20:23 AM PDT",-11.45
"Mar 22, 2025 7:21:34 PM PDT",9.26
"Mar 22, 2025 7:24:56 AM PDT",6.01
"Mar 22, 2025 9:21:06 PM PDT",6.01
"Mar 23, 2025 7:00:48 AM PDT",6.01
"Mar 23, 2025 8:03:14 PM PDT",6.01
"Mar 23, 2025 8:11:32 PM PDT",6.01
"Mar 23, 2025 8:43:55 PM PDT",9.26
"Mar 24, 2025 1:27:56 AM PDT",-11.45
"Mar 24, 2025 4:12:20 PM PDT",-11.45
"Mar 25, 2025 12:26:28 PM PDT",7.25
"Mar 25, 2025 4:37:22 PM PDT",-11.45
"Mar 25, 2025 9:48:35 AM PDT",30.11
"Mar 26, 2025 11:41:44 PM PDT",9.26
"Mar 26, 2025 1:01:55 AM PDT",6.86
"Mar 26, 2025 2:17:59 AM PDT",30.11
"Mar 26, 2025 5:31:46 PM PDT",6.01
"Mar 27, 2025 3:30:41 PM PDT",6.35
"Mar 27, 2025 4:17:04 PM PDT",-1.2
"Mar 28, 2025 11:39:05 PM PDT",9.26
"Mar 28, 2025 4:00:07 PM PDT",-0.6
"Mar 28, 2025 4:15:32 PM PDT",-0.6
"Mar 28, 2025 6:37:24 PM PDT",9.26
"Mar 28, 2025 8:20:00 PM PDT",9.26
"Mar 29, 2025 10:01:51 PM PDT",-11.45
"Mar 29, 2025 12:43:35 PM PDT",-11.45
"Mar 29, 2025 1:14:31 AM PDT",7.8
"Mar 29, 2025 2:47:48 AM PDT",7.25
"Mar 29, 2025 3:35:32 PM PDT",-0.6
"Mar 29, 2025 5:15:49 PM PDT",-11.45
"Mar 29, 2025 6:19:22 PM PDT",9.26
"Mar 29, 2025 9:10:02 PM PDT",10.29
"Mar 3, 2025 11:15:30 PM PST",7.25
"Mar 3, 2025 1:27:24 AM PST",-11.45
"Mar 3, 2025 2:05:00 PM PST",-0.6
"Mar 3, 2025 4:10:37 AM PST",-11.45
"Mar 3, 2025 5:12:45 PM PST",12.7
"Mar 3, 2025 7:14:35 AM PST",-11.45
"Mar 3, 2025 8:02:15 AM PST",10.29
"Mar 3, 2025 8:23:03 PM PST",-11.45
"Mar 3, 2025 9:37:45 PM PST",80.23
"Mar 30, 2025 11:16:33 AM PDT",-11.45
"Mar 30, 2025 11:17:46 PM PDT",30.11
"Mar 30, 2025 11:42:17 PM PDT",-11.45
"Mar 30, 2025 2:04:02 AM PDT",7.25
"Mar 30, 2025 3:19:01 PM PDT",-0.6
"Mar 30, 2025 8:19:07 AM PDT",6.86
"Mar 31, 2025 12:53:34 AM PDT",9.94
"Mar 31, 2025 3:06:41 PM PDT",-0.6
"Mar 31, 2025 5:41:41 PM PDT",-11.45
"Mar 4, 2025 4:15:32 PM PST",-11.45
"Mar 4, 2025 6:14:24 PM PST",-11.43
"Mar 4, 2025 8:48:25 AM PST",-11.45
"Mar 5, 2025 11:35:01 PM PST",-11.45
"Mar 5, 2025 1:47:47 PM PST",-0.6
"Mar 5, 2025 6:17:40 AM PST",6.86
"Mar 6, 2025 5:40:07 AM PST",-18.6
"Mar 6, 2025 8:02:50 PM PST",-11.45
"Mar 6, 2025 9:26:44 AM PST",-11.45
"Mar 7, 2025 11:16:47 PM PST",-11.45
"Mar 7, 2025 11:17:15 PM PST",-11.45
"Mar 7, 2025 12:06:06 AM PST",7.8
"Mar 7, 2025 1:53:12 AM PST",-11.45
"Mar 7, 2025 2:00:43 PM PST",-1.2
"Mar 7, 2025 2:46:57 AM PST",-86.95
"Mar 7, 2025 8:24:20 PM PST",-11.45
"Mar 7, 2025 8:25:31 PM PST",-11.45
"Mar 8, 2025 4:26:40 AM PST",9.94
"Mar 9, 2025 11:02:38 PM PDT",-11.45
"Mar 9, 2025 11:05:26 PM PDT",6.86
"Mar 9, 2025 2:20:40 PM PDT",0.92
"Mar 9, 2025 3:20:11 AM PDT",7.25
"May 10, 2025 12:59:46 AM PDT",19.33
"May 10, 2025 3:47:49 PM PDT",-0.6
"May 11, 2025 1:27:45 PM PDT",8.58
"May 11, 2025 9:12:48 PM PDT",9.94
"May 11, 2025 9:49:38 PM PDT",6.01
"May 12, 2025 10:36:09 PM PDT",58.08
"May 12, 2025 11:17:58 PM PDT",8.58
"May 12, 2025 12:46:55 PM PDT",-0.6
"May 12, 2025 3:12:50 AM PDT",6.86
"May 12, 2025 4:17:24 AM PDT",6.01
"May 12, 2025 4:39:05 AM PDT",10.29
"May 12, 2025 6:32:33 PM PDT",19.33
"May 13, 2025 12:12:51 PM PDT",5.84
"May 13, 2025 12:44:32 PM PDT",-1.2
"May 13, 2025 2:27:39 AM PDT",-15.92
"May 13, 2025 3:07:46 AM PDT",0.0
"May 13, 2025 3:37:41 PM PDT",-0.6
"May 13, 2025 3:49:47 AM PDT",9.94
"May 13, 2025 5:00:00 AM PDT",9.09
"May 13, 2025 6:43:39 PM PDT",9.94
"May 14, 2025 12:05:33 PM PDT",6.86
"May 15, 2025 12:57:55 PM PDT",-0.6
"May 15, 2025 8:31:50 AM PDT",0.34
"May 15, 2025 9:47:46 AM PDT",31.64
"May 16, 2025 12:11:12 AM PDT",15.41
"May 16, 2025 12:22:07 PM PDT",18.82
"May 16, 2025 12:45:36 PM PDT",-0.6
"May 16, 2025 12:57:45 PM PDT",-1.2
"May 18, 2025 11:37:50 PM PDT",5.84
"May 18, 2025 2:28:48 AM PDT",8.85
"May 19, 2025 12:45:01 PM PDT",-0.6
"May 19, 2025 12:58:12 AM PDT",8.58
"May 19, 2025 1:21:23 AM PDT",5.84
"May 2, 2025 1:31:16 AM PDT",6.01
"May 2, 2025 1:56:04 PM PDT",18.82
"May 2, 2025 2:08:45 PM PDT",9.94
"May 2, 2025 4:12:12 PM PDT",-0.6
"May 2, 2025 5:50:29 PM PDT",7.22
"May 2, 2025 6:16:23 AM PDT",-0.49
"May 2, 2025 7:01:16 AM PDT",-216.14
"May 20, 2025 10:59:59 PM PDT",8.58
"May 20, 2025 2:04:01 AM PDT",5.84
"May 21, 2025 11:33:47 AM PDT",-2.75
"May 21, 2025 12:51:37 PM PDT",-0.6
"May 22, 2025 12:34:06 AM PDT",6.7
"May 22, 2025 12:55:27 PM PDT",72.23
"May 22, 2025 12:58:47 PM PDT",-1.8
"May 22, 2025 3:40:03 AM PDT",26.55
"May 22, 2025 4:42:46 PM PDT",5.84
"May 22, 2025 6:22:28 PM PDT",7.8
"May 23, 2025 12:59:06 PM PDT",-0.6
"May 24, 2025 12:14:52 AM PDT",18.82
"May 24, 2025 12:58:59 PM PDT",-0.6
"May 25, 2025 12:57:21 PM PDT",-1.8
"May 25, 2025 2:11:39 PM PDT",6.01
"May 25, 2025 6:30:58 PM PDT",7.8
"May 25, 2025 7:04:57 AM PDT",5.84
"May 25, 2025 9:24:06 PM PDT",8.58
"May 25, 2025 9:41:17 PM PDT",5.84
"May 25, 2025 9:51:26 AM PDT",-11.96
"May 25, 2025 9:54:48 AM PDT",7.8
"May 26, 2025 10:09:36 PM PDT",8.58
"May 26, 2025 10:37:07 PM PDT",-39.56
"May 26, 2025 2:33:20 AM PDT",9.94
"May 26, 2025 3:40:31 AM PDT",27.67
"May 26, 2025 8:01:46 PM PDT",9.94
"May 26, 2025 9:21:34 AM PDT",9.09
"May 27, 2025 11:07:47 AM PDT",8.85
"May 27, 2025 12:42:52 PM PDT",-0.6
"May 27, 2025 5:25:50 PM PDT",9.94
"May 27, 2025 7:54:17 PM PDT",7.82
"May 28, 2025 12:51:15 PM PDT",-0.6
"May 28, 2025 12:53:04 PM PDT",7.8
"May 28, 2025 2:51:42 AM PDT",8.58
"May 28, 2025 2:52:30 PM PDT",6.7
"May 28, 2025 4:46:56 PM PDT",-35.19
"May 28, 2025 5:20:25 AM PDT",0.71
"May 28, 2025 6:09:33 AM PDT",9.44
"May 28, 2025 7:40:10 AM PDT",35.48
"May 28, 2025 8:03:51 PM PDT",5.84
"May 28, 2025 9:55:08 PM PDT",9.94
"May 29, 2025 12:54:22 PM PDT",-0.6
"May 29, 2025 1:15:33 PM PDT",9.94
"May 29, 2025 6:16:10 AM PDT",-11.34
"May 3, 2025 11:16:22 AM PDT",9.09
"May 3, 2025 4:01:14 PM PDT",-0.6
"May 3, 2025 6:01:32 PM PDT",7.4
"May 30, 2025 11:51:57 AM PDT",16.89
"May 30, 2025 12:58:19 PM PDT",-1.8
"May 30, 2025 1:41:46 PM PDT",5.84
"May 30, 2025 2:00:22 AM PDT",-500.25
"May 30, 2025 2:52:22 AM PDT",18.82
"May 30, 2025 5:09:58 PM PDT",8.58
"May 30, 2025 8:23:38 PM PDT",-12.66
"May 31, 2025 11:26:40 PM PDT",18.82
"May 31, 2025 12:56:29 PM PDT",-1.8
"May 31, 2025 2:22:12 PM PDT",9.94
"May 31, 2025 2:56:31 AM PDT",-10.29
"May 31, 2025 8:37:47 PM PDT",8.58
"May 31, 2025 9:18:07 PM PDT",-14.07
"May 4, 2025 10:19:56 PM PDT",72.61
"May 4, 2025 11:27:18 PM PDT",10.29
"May 4, 2025 12:50:59 AM PDT",6.86
"May 4, 2025 3:28:54 PM PDT",15.6
"May 4, 2025 7:20:05 AM PDT",7.22
"May 4, 2025 9:12:21 PM PDT",7.22
"May 4, 2025 9:15:20 PM PDT",-11.45
"May 5, 2025 10:46:46 AM PDT",-25.86
"May 5, 2025 1:22:20 PM PDT",-0.6
"May 5, 2025 2:18:40 AM PDT",7.4
"May 5, 2025 9:48:23 AM PDT",-15.92
"May 6, 2025 2:23:00 AM PDT",-18.16
"May 6, 2025 3:33:00 PM PDT",-0.6
"May 7, 2025 11:19:27 PM PDT",10.29
"May 7, 2025 3:31:32 PM PDT",-0.6
"May 7, 2025 6:21:33 PM PDT",-192.94
"May 7, 2025 9:01:17 AM PDT",7.22
"May 8, 2025 11:26:41 PM PDT",18.82
"May 8, 2025 2:13:29 AM PDT",10.29
"May 8, 2025 3:50:28 PM PDT",-1.2
"May 8, 2025 5:46:05 PM PDT",9.94
"May 9, 2025 10:39:38 PM PDT",9.94
"May 9, 2025 12:42:02 AM PDT",30.87
"May 9, 2025 3:50:11 PM PDT",-0.6
"May 9, 2025 6:27:28 PM PDT",19.33
